{
  "hash": "8e32b309",
  "configHash": "b9e0ee6e",
  "lockfileHash": "8fe526c8",
  "browserHash": "80d8225d",
  "optimized": {
    "@angular/common": {
      "src": "../../../../../node_modules/@angular/common/fesm2022/common.mjs",
      "file": "@angular_common.js",
      "fileHash": "a9db0d33",
      "needsInterop": false
    },
    "@angular/core": {
      "src": "../../../../../node_modules/@angular/core/fesm2022/core.mjs",
      "file": "@angular_core.js",
      "fileHash": "e48dfe33",
      "needsInterop": false
    },
    "@angular/platform-browser": {
      "src": "../../../../../node_modules/@angular/platform-browser/fesm2022/platform-browser.mjs",
      "file": "@angular_platform-browser.js",
      "fileHash": "90861b73",
      "needsInterop": false
    },
    "@angular/router": {
      "src": "../../../../../node_modules/@angular/router/fesm2022/router.mjs",
      "file": "@angular_router.js",
      "fileHash": "f811a60a",
      "needsInterop": false
    }
  },
  "chunks": {
    "chunk-A6RJJMOL": {
      "file": "chunk-A6RJJMOL.js"
    },
    "chunk-XFCOUONH": {
      "file": "chunk-XFCOUONH.js"
    },
    "chunk-5FUJWLSI": {
      "file": "chunk-5FUJWLSI.js"
    }
  }
}